egoID,roundID,NumPopularAlters,Jaccard,u,r,Q
29,r_1,a_1,0.045454545454545456,1,2.375,4.17919064440129
30,r_1,a_0,0.2222222222222222,1,1.75,2.864746181327753
31,r_1,a_0,0.2,0,2.25,2.1890724918243265
32,r_1,a_0,0.2,1,2.375,3.1301746425607666
33,r_1,a_1,0.09090909090909091,1,2.125,7.047546321563513
38,r_1,a_2,0.1111111111111111,1,2.0833333333333335,5.629811647298482
39,r_1,a_1,0.1,1,2.5,5.265919864043699
40,r_1,a_0,0.14545454545454545,0,1.875,4.1227679663151635
41,r_1,a_0,0.2,1,2.0,2.406674420188919
42,r_1,a_0,0.26666666666666666,0,2.25,3.140300298894204
43,r_1,a_1,0.1611111111111111,2,2.125,7.131433254942156
44,r_1,a_2,0.2,2,2.375,3.656872358981338
47,r_1,a_1,0.26666666666666666,1,2.0,2.0
49,r_1,a_0,0.2222222222222222,1,2.625,1.9527613383950089
48,r_1,a_0,0.2,2,2.5,2.569679742680573
50,r_1,a_0,0.2,2,2.25,3.7042666615356903
52,r_1,a_1,0.4571428571428572,1,2.375,1.5668299634976166
46,r_1,a_2,0.26666666666666666,2,2.375,3.843262291762343
67,r_1,a_1,0.09090909090909091,1,2.5,4.930697509781684
68,r_1,a_0,0.35,1,2.4166666666666665,2.9509170413709898
69,r_1,a_0,0.3333333333333333,0,2.625,2.213246063351993
71,r_1,a_1,0.2986111111111111,1,2.0,1.905622228791684
72,r_1,a_2,0.09090909090909091,2,2.4166666666666665,5.700618197204015
73,r_1,a_1,0.2,1,2.125,2.4615476117186805
74,r_1,a_0,0.07142857142857142,0,2.625,7.230661391013057
75,r_1,a_0,0.26666666666666666,1,2.5,5.109449411068296
77,r_1,a_1,0.2375,1,2.1875,6.810776415420062
78,r_1,a_2,0.14545454545454545,3,2.4375,8.053535591296335
79,r_1,a_1,0.29545454545454547,0,2.0833333333333335,7.635440517987241
80,r_1,a_0,0.26666666666666666,1,2.5,3.1128936472958317
81,r_1,a_0,0.4732142857142857,1,2.1,5.4750063514110865
82,r_1,a_0,0.29545454545454547,1,2.375,1.795642298469612
83,r_1,a_1,0.14545454545454545,1,2.125,2.546276490059059
84,r_1,a_2,0.2121212121212121,1,3.25,3.090753084643941
85,r_1,a_0,0.2,0,3.0,4.383347420663995
86,r_1,a_0,0.3392857142857143,0,2.5,2.559697418795931
29,r_2,a_0,0.1,1,3.875,5.394269349668519
30,r_2,a_1,0.1,1,3.0,5.971074975950404
31,r_2,a_0,0.2121212121212121,1,3.0,5.090473106872166
32,r_2,a_0,0.0,0,3.5,3.147855887573029
33,r_2,a_1,0.045454545454545456,1,3.125,6.021709315028298
38,r_2,a_1,0.14545454545454545,0,3.375,5.049707447267528
39,r_2,a_1,0.1,0,3.25,4.898336457946727
40,r_2,a_0,0.1,1,3.25,4.806802478907197
41,r_2,a_1,0.05,2,3.375,4.7921129381388825
42,r_2,a_1,0.1,0,2.75,2.2715306890657625
43,r_2,a_1,0.0,1,2.6666666666666665,7.608962628292031
44,r_2,a_1,0.09090909090909091,0,3.625,3.5786635845668817
47,r_2,a_0,0.05,0,2.375,1.0
49,r_2,a_1,0.1111111111111111,1,4.0,5.869326646277417
48,r_2,a_0,0.05,1,3.125,4.323576901095059
50,r_2,a_0,0.045454545454545456,0,3.5,3.9495518444032673
52,r_2,a_1,0.1,2,3.25,3.2449428065285244
46,r_2,a_1,0.0,1,3.5,5.756133521287958
67,r_2,a_0,0.1,0,3.375,4.590103053448183
68,r_2,a_0,0.045454545454545456,0,2.25,3.2607190868106337
69,r_2,a_0,0.1,1,3.25,3.1829912561079454
71,r_2,a_1,0.09090909090909091,1,3.375,2.329660329017559
72,r_2,a_1,0.09090909090909091,2,3.375,8.670100425036779
73,r_2,a_0,0.045454545454545456,0,3.25,3.6654963708220447
74,r_2,a_0,0.0,0,2.75,3.3133834007128495
75,r_2,a_0,0.045454545454545456,1,3.875,4.2803254366800685
77,r_2,a_1,0.05,0,3.375,6.682782763233609
78,r_2,a_1,0.1111111111111111,0,3.375,5.6232580724031855
79,r_2,a_0,0.045454545454545456,1,3.5833333333333335,7.178406159365202
80,r_2,a_0,0.14545454545454545,1,2.875,1.8634200985383542
81,r_2,a_0,0.09090909090909091,1,3.0,3.3679896018791844
82,r_2,a_0,0.14545454545454545,1,3.0,3.5528360754412374
83,r_2,a_1,0.1,0,3.0,5.182429399538835
84,r_2,a_1,0.0,1,4.125,1.9514570374250857
85,r_2,a_0,0.05,0,2.875,3.0438914238975974
86,r_2,a_0,0.0,0,3.375,1.0
29,r_3,a_1,0.05,1,3.375,4.507066184582128
30,r_3,a_1,0.1111111111111111,0,3.25,3.6594565000346932
31,r_3,a_1,0.1611111111111111,0,3.875,3.6026912765956007
32,r_3,a_1,0.14545454545454545,3,3.6666666666666665,4.859833823937327
33,r_3,a_1,0.1,2,3.75,5.2858046617893475
38,r_3,a_2,0.0,0,3.375,2.8713593339792416
39,r_3,a_1,0.18055555555555555,0,3.0,4.316212771056998
40,r_3,a_1,0.14545454545454545,1,3.5,3.248473982920718
41,r_3,a_2,0.09090909090909091,1,3.375,2.4730851270100764
42,r_3,a_1,0.045454545454545456,0,3.125,1.0
43,r_3,a_2,0.0,5,3.3333333333333335,7.293229507000657
44,r_3,a_2,0.2698412698412698,1,3.0,4.14497629304841
47,r_3,a_1,0.0,2,3.0,2.806872957008956
49,r_3,a_2,0.045454545454545456,1,3.625,5.312064983898323
48,r_3,a_1,0.14545454545454545,2,3.0,4.486964979802947
50,r_3,a_2,0.05,2,3.125,4.213871563830731
52,r_3,a_2,0.1,1,2.875,3.5193681428095958
46,r_3,a_1,0.2,1,3.125,2.1284615624498975
67,r_3,a_1,0.26666666666666666,1,3.0,2.896812218872607
68,r_3,a_1,0.14545454545454545,0,2.25,3.5762570952854076
69,r_3,a_1,0.2121212121212121,1,3.375,2.1126570044350377
71,r_3,a_1,0.2,1,3.125,2.104347522809337
72,r_3,a_2,0.14545454545454545,0,3.125,5.7182245099066
73,r_3,a_1,0.09090909090909091,0,2.75,3.2762574488401706
74,r_3,a_1,0.0,0,3.625,0.0
75,r_3,a_1,0.14545454545454545,0,3.5,4.348598988771236
77,r_3,a_1,0.18055555555555555,1,3.5,7.305461478005593
78,r_3,a_2,0.045454545454545456,1,3.1666666666666665,7.867510648418788
79,r_3,a_1,0.09090909090909091,1,3.1666666666666665,5.077501930631941
80,r_3,a_1,0.14545454545454545,0,2.875,1.9387456011699618
81,r_3,a_1,0.14545454545454545,0,3.3125,4.319178699895183
82,r_3,a_0,0.09090909090909091,2,3.5,4.228569344719074
83,r_3,a_1,0.1,0,3.0,4.565387248070232
84,r_3,a_2,0.0,2,3.0,5.637270678243277
85,r_3,a_0,0.2,2,3.5,5.200194276485689
86,r_3,a_0,0.1111111111111111,0,4.375,2.1717088532856046
29,r_4,a_1,0.09090909090909091,0,3.375,5.028317852943694
30,r_4,a_1,0.0,0,3.25,2.5160577863681395
31,r_4,a_0,0.0,1,3.3333333333333335,6.184960110172156
32,r_4,a_0,0.1111111111111111,1,2.875,3.2795249803566637
33,r_4,a_1,0.09090909090909091,1,3.625,6.869696886876659
38,r_4,a_2,0.0,1,4.125,6.624587453826375
39,r_4,a_1,0.0,0,3.875,3.1746255517309434
40,r_4,a_1,0.045454545454545456,2,3.75,4.396433372143247
41,r_4,a_1,0.05,0,2.875,3.049166251084983
42,r_4,a_0,0.045454545454545456,0,3.25,3.572659420471976
43,r_4,a_2,0.0,3,3.1666666666666665,4.210446463973709
44,r_4,a_2,0.0,0,2.5,2.9051038955792334
47,r_4,a_1,0.20535714285714285,2,4.125,3.08181738943987
49,r_4,a_1,0.10555555555555556,1,3.375,4.211224871988825
48,r_4,a_2,0.05,1,3.0,4.430414646176065
50,r_4,a_2,0.05,3,3.3333333333333335,8.526585939003358
52,r_4,a_1,0.0,0,4.25,1.5363738013851755
46,r_4,a_1,0.05,0,3.6875,2.310776872622827
67,r_4,a_1,0.0,0,2.75,3.3827507912620005
68,r_4,a_0,0.09545454545454546,1,3.25,4.081924862005097
69,r_4,a_0,0.1,1,4.125,1.9154489664853769
71,r_4,a_1,0.2121212121212121,2,3.125,4.481432849190936
72,r_4,a_2,0.14545454545454545,1,3.75,2.0420232157390217
73,r_4,a_1,0.2,2,3.75,1.665534959852967
74,r_4,a_0,0.0,0,3.0,0.0
75,r_4,a_0,0.15656565656565657,3,3.4166666666666665,11.065728900723071
77,r_4,a_1,0.1,1,3.5,5.142045624231151
78,r_4,a_2,0.0,2,3.8333333333333335,5.582061536425549
79,r_4,a_1,0.09090909090909091,1,2.625,4.427026839186768
80,r_4,a_0,0.05,0,4.0,3.9634984283941357
81,r_4,a_0,0.15000000000000002,1,3.375,3.7482088006413385
82,r_4,a_0,0.09090909090909091,2,3.75,5.638192981756915
83,r_4,a_1,0.045454545454545456,1,3.375,4.624706932167749
84,r_4,a_2,0.1611111111111111,2,3.375,4.559754705747623
85,r_4,a_0,0.14545454545454545,1,3.3333333333333335,6.276136350410866
86,r_4,a_0,0.05555555555555555,0,3.375,2.261750003497439
29,r_5,a_1,0.2,1,2.25,8.287822693645376
30,r_5,a_1,0.18055555555555555,2,2.375,3.8061819812408655
31,r_5,a_0,0.2222222222222222,0,2.625,4.398815132134082
32,r_5,a_0,0.2,0,2.625,3.928906934328385
33,r_5,a_1,0.14545454545454545,2,2.25,6.1831246228536685
38,r_5,a_2,0.0,1,2.75,5.421548477770048
39,r_5,a_1,0.14545454545454545,1,2.5,3.082922362346149
40,r_5,a_2,0.05,2,3.0,4.4934431902874215
41,r_5,a_1,0.1,1,2.75,5.572902139504875
42,r_5,a_0,0.2986111111111111,0,2.5,2.146998302906174
43,r_5,a_2,0.05555555555555555,2,2.25,6.602226175937252
44,r_5,a_2,0.0,0,2.5,1.6260178573155635
47,r_5,a_1,0.14545454545454545,1,2.875,4.783855692718357
49,r_5,a_1,0.1,1,2.75,3.7537975127765364
48,r_5,a_2,0.14545454545454545,1,2.5,3.5112176223653124
50,r_5,a_2,0.05,1,2.3333333333333335,6.767016176261566
52,r_5,a_1,0.09090909090909091,2,2.625,2.1022300310420103
46,r_5,a_1,0.1,0,2.875,2.383607553372982
67,r_5,a_1,0.14545454545454545,3,3.3333333333333335,5.462630622050472
68,r_5,a_0,0.05,0,3.0,3.2989119942703207
69,r_5,a_0,0.09090909090909091,1,3.0833333333333335,4.607303410002853
71,r_5,a_1,0.0,0,2.125,3.8286447667807293
72,r_5,a_2,0.045454545454545456,1,2.9166666666666665,4.83295570958769
73,r_5,a_1,0.26666666666666666,1,2.75,2.155217321494833
74,r_5,a_0,0.0625,0,2.875,6.953455048983422
75,r_5,a_0,0.26666666666666666,2,2.375,7.866142208754797
77,r_5,a_1,0.14545454545454545,1,3.0,10.146819187630706
78,r_5,a_2,0.1,1,2.875,14.991575251361672
79,r_5,a_1,0.045454545454545456,1,2.6875,10.705883151242846
80,r_5,a_0,0.2222222222222222,1,3.0,3.063929515976959
81,r_5,a_0,0.14545454545454545,2,2.625,2.291811522310993
82,r_5,a_0,0.35,1,2.125,6.664039744588378
83,r_5,a_1,0.2121212121212121,1,2.875,4.839530642533706
84,r_5,a_2,0.045454545454545456,0,2.375,4.3336263836441695
85,r_5,a_0,0.2,1,2.4375,7.6660500621443255
86,r_5,a_0,0.25,0,3.625,1.8833913815583874
119,r_1,a_1,0.0,2,4.3125,8.518056910159599
102,r_1,a_1,0.05,5,4.5,5.609111521342947
103,r_1,a_1,0.26666666666666666,1,3.5,9.802483103430385
104,r_1,a_2,0.14545454545454545,1,3.4375,4.473738171372088
105,r_1,a_1,0.0,4,4.75,6.4378410836159
106,r_1,a_0,0.05555555555555555,2,4.0625,6.752552829858435
107,r_1,a_1,0.2375,3,4.5,10.824057383892715
108,r_1,a_1,0.14545454545454545,2,3.7083333333333335,5.615135468291236
109,r_1,a_1,0.045454545454545456,1,3.4375,4.344392568320436
110,r_1,a_2,0.2121212121212121,3,3.625,6.153378286890845
117,r_1,a_1,0.125,4,4.2,8.942132756229476
118,r_1,a_0,0.10555555555555556,2,3.375,3.6559091472116183
113,r_1,a_1,0.1111111111111111,2,4.0625,10.532946793575315
114,r_1,a_1,0.1111111111111111,1,3.875,2.4115322943882957
115,r_1,a_1,0.18055555555555555,1,4.0625,4.4065188937615645
116,r_1,a_2,0.2121212121212121,2,3.75,4.555988096933983
120,r_1,a_1,0.1,3,4.05,7.710253936151435
121,r_1,a_0,0.18333333333333335,1,3.375,4.13754738982621
130,r_1,a_1,0.045454545454545456,3,4.0625,5.982456551173216
132,r_1,a_2,0.26666666666666666,2,4.625,7.059096793452646
133,r_1,a_1,0.09545454545454546,1,3.9375,3.2614750899307428
134,r_1,a_0,0.10555555555555556,3,4.375,4.281260142472284
135,r_1,a_1,0.1,3,4.3125,5.4660863426763875
137,r_1,a_1,0.045454545454545456,1,4.0625,4.824863290774166
140,r_1,a_0,0.05555555555555555,2,3.75,3.6698407982101418
142,r_1,a_1,0.18055555555555555,2,3.7916666666666665,5.705557225225534
143,r_1,a_1,0.3333333333333333,1,4.0625,5.20498509179834
144,r_1,a_2,0.2121212121212121,2,3.875,6.6314074573343404
146,r_1,a_0,0.1875,2,3.25,4.753204884218649
147,r_1,a_1,0.14545454545454545,2,3.5625,9.451336356940127
148,r_1,a_1,0.09090909090909091,3,3.6666666666666665,7.302550520538446
149,r_1,a_2,0.2222222222222222,1,3.25,4.392059005228704
150,r_1,a_1,0.10555555555555556,2,3.6875,3.5925835443794263
151,r_1,a_1,0.09090909090909091,2,3.75,3.2795217664086147
152,r_1,a_1,0.14545454545454545,2,3.6875,6.730575688279112
153,r_1,a_1,0.1,1,3.625,6.252934663170727
119,r_2,a_1,0.0,1,3.25,6.201305289281604
102,r_2,a_1,0.045454545454545456,3,2.95,6.957707451116058
103,r_2,a_1,0.14545454545454545,3,3.1875,6.696326439917726
104,r_2,a_1,0.1,2,3.5,6.360858338661549
105,r_2,a_2,0.1,2,3.125,7.156722853649126
106,r_2,a_1,0.0,3,3.625,9.059572638849723
107,r_2,a_1,0.0,1,3.25,10.173079677514327
108,r_2,a_1,0.25,2,3.0625,3.951741538637145
109,r_2,a_1,0.1611111111111111,0,2.8125,3.815297630222585
110,r_2,a_2,0.1,2,3.7,8.694955932133947
117,r_2,a_2,0.1,1,2.8125,8.858012580494774
118,r_2,a_0,0.045454545454545456,1,2.875,6.219475730161469
113,r_2,a_2,0.0,3,2.9166666666666665,8.425425440982538
114,r_2,a_1,0.045454545454545456,4,3.0833333333333335,9.014676028412996
115,r_2,a_2,0.0,2,2.75,7.47898059172805
116,r_2,a_2,0.0,3,2.75,5.67977628251988
120,r_2,a_1,0.1,4,3.2,8.933324521643572
121,r_2,a_1,0.05,1,3.0,5.435564390679241
130,r_2,a_1,0.05,2,3.0625,6.030434783593422
132,r_2,a_2,0.0,4,3.4583333333333335,11.953265225697372
133,r_2,a_1,0.05,2,3.5,4.624835767361934
134,r_2,a_0,0.1111111111111111,0,3.1875,6.249594784477798
135,r_2,a_1,0.045454545454545456,0,3.125,5.983786230495374
137,r_2,a_1,0.14545454545454545,3,3.4,5.957853781932882
140,r_2,a_0,0.16666666666666666,0,3.375,4.67878016738663
142,r_2,a_1,0.1,5,3.1666666666666665,3.664029937154364
143,r_2,a_1,0.1111111111111111,0,3.125,4.485847513229186
144,r_2,a_2,0.1,2,2.75,7.174554790637545
146,r_2,a_0,0.05555555555555555,3,3.1875,5.662912416508863
147,r_2,a_1,0.14545454545454545,1,3.3125,10.440624419185104
148,r_2,a_1,0.1,1,3.4375,5.0854787324072035
149,r_2,a_2,0.125,2,2.9375,8.114829062152698
150,r_2,a_1,0.16666666666666666,0,3.1875,5.6648194931375135
151,r_2,a_1,0.0,2,3.0,4.920718160015903
152,r_2,a_1,0.045454545454545456,1,2.7916666666666665,9.571010272942555
153,r_2,a_1,0.09090909090909091,6,3.3333333333333335,11.905802058440544
119,r_3,a_2,0.0625,1,2.25,5.781123295500175
102,r_3,a_2,0.09090909090909091,1,2.875,2.516131819020905
103,r_3,a_1,0.10555555555555556,2,2.5625,6.688486899044707
104,r_3,a_1,0.05,2,3.25,5.452304272557393
105,r_3,a_2,0.05555555555555555,2,2.6875,4.367836171268206
106,r_3,a_2,0.0,1,3.375,6.240619068499262
107,r_3,a_2,0.05555555555555555,2,3.0625,6.133399626953505
108,r_3,a_2,0.045454545454545456,2,3.5625,4.393104422363111
109,r_3,a_1,0.0,1,2.125,9.933587238266583
110,r_3,a_2,0.10101010101010101,4,2.875,4.974192923925851
117,r_3,a_2,0.045454545454545456,2,2.8,4.916723159595016
118,r_3,a_1,0.10101010101010101,2,3.0,5.18262492800288
113,r_3,a_1,0.05555555555555555,3,3.2,8.142110269456857
114,r_3,a_1,0.05555555555555555,2,2.125,5.405317284073178
115,r_3,a_2,0.0,1,2.5,4.018757066553299
116,r_3,a_1,0.1,4,2.5,3.6403485517802467
120,r_3,a_2,0.05,4,2.8125,5.808908335095537
121,r_3,a_1,0.05555555555555555,1,2.625,3.946922365266015
130,r_3,a_1,0.05,2,2.875,4.760665006281524
132,r_3,a_2,0.225,3,3.0833333333333335,10.23521497845805
133,r_3,a_1,0.05,3,3.0625,3.9625500821384456
134,r_3,a_0,0.1,0,2.625,5.55165037180716
135,r_3,a_1,0.1,1,3.25,4.609236659075737
137,r_3,a_1,0.05555555555555555,0,2.8125,6.036389067777462
140,r_3,a_0,0.1611111111111111,2,3.5625,2.5022852679206347
142,r_3,a_1,0.0,3,2.875,10.785913123940006
143,r_3,a_1,0.14285714285714285,0,2.5,4.094452527164423
144,r_3,a_2,0.0,2,3.125,6.443551883602293
146,r_3,a_0,0.1111111111111111,3,3.4375,4.285694590028606
147,r_3,a_1,0.1,2,3.1875,7.905127888475423
148,r_3,a_1,0.05555555555555555,2,2.5625,5.4030450660422265
149,r_3,a_2,0.08333333333333333,1,2.625,7.623403033617843
150,r_3,a_1,0.09090909090909091,2,2.5625,9.249629659958385
151,r_3,a_1,0.045454545454545456,3,2.7083333333333335,9.279460223577919
152,r_3,a_1,0.05,1,2.6,4.735375358886582
153,r_3,a_1,0.09090909090909091,3,2.75,8.65620805948127
119,r_4,a_2,0.05555555555555555,2,3.125,8.427856422684473
102,r_4,a_1,0.09545454545454546,2,3.5,6.262894034706591
103,r_4,a_1,0.1,1,3.25,10.076102842699946
104,r_4,a_2,0.1,2,3.4375,5.2461804334496165
105,r_4,a_2,0.045454545454545456,3,3.1875,7.154601814004229
106,r_4,a_2,0.0,4,3.3125,6.417321760728706
107,r_4,a_2,0.05555555555555555,3,3.625,11.955259141167183
108,r_4,a_2,0.1,0,3.375,4.230330005788006
109,r_4,a_2,0.0,2,3.3125,7.2809362314079
110,r_4,a_2,0.045454545454545456,2,3.3,7.150426635106976
117,r_4,a_2,0.0,1,2.875,6.527585216397706
118,r_4,a_1,0.0,2,3.3125,4.7511692855739245
113,r_4,a_1,0.0625,2,3.6,9.504020705584361
114,r_4,a_2,0.1111111111111111,2,3.2916666666666665,4.079596769924997
115,r_4,a_2,0.05555555555555555,2,3.0,7.387886658685154
116,r_4,a_1,0.05555555555555555,0,3.25,2.8204958984225383
120,r_4,a_2,0.09090909090909091,4,3.125,8.397452981583596
121,r_4,a_1,0.05555555555555555,1,2.875,4.888302333349835
130,r_4,a_1,0.09090909090909091,2,3.0,5.373755920603698
132,r_4,a_2,0.045454545454545456,4,3.125,10.110111168252045
133,r_4,a_1,0.09090909090909091,3,3.4375,4.404965141882109
134,r_4,a_0,0.0,2,3.25,6.74251145127808
135,r_4,a_1,0.1111111111111111,1,3.3125,6.234203555045529
137,r_4,a_1,0.1,2,3.0,3.8108637380450814
140,r_4,a_0,0.0,3,3.4375,6.027479327726335
142,r_4,a_1,0.0,3,3.2083333333333335,7.404490194039826
143,r_4,a_1,0.0,2,3.3125,7.345646651900634
144,r_4,a_2,0.045454545454545456,3,3.125,7.334976433716079
146,r_4,a_0,0.0625,1,3.5625,4.370322340994787
147,r_4,a_1,0.05,3,2.875,5.186855526141223
148,r_4,a_1,0.1,2,2.9375,6.568990780332959
149,r_4,a_2,0.05,2,3.0,6.516915416799494
150,r_4,a_1,0.045454545454545456,3,3.125,9.346062385173571
151,r_4,a_1,0.05555555555555555,4,2.9583333333333335,11.04232812594268
152,r_4,a_1,0.09545454545454546,4,3.45,6.911100232363578
153,r_4,a_1,0.045454545454545456,2,3.0,9.606424166059458
119,r_5,a_2,0.05555555555555555,2,2.8125,9.698960915589568
102,r_5,a_1,0.18055555555555555,1,2.8125,5.202665981820039
103,r_5,a_0,0.14545454545454545,3,3.0,8.785897499795396
104,r_5,a_2,0.1,0,3.0625,7.666893863359986
105,r_5,a_1,0.1611111111111111,1,2.1875,4.484483806761706
106,r_5,a_2,0.045454545454545456,2,2.5625,7.762342593844447
107,r_5,a_1,0.1611111111111111,3,3.0,9.77056724281543
108,r_5,a_2,0.045454545454545456,1,2.125,3.0857556019220453
109,r_5,a_0,0.29545454545454547,1,2.6875,6.302272161102875
110,r_5,a_1,0.2,2,2.8125,9.818615944264138
117,r_5,a_1,0.05,3,2.4583333333333335,7.561681354709524
118,r_5,a_0,0.14545454545454545,1,2.75,3.550549323280099
113,r_5,a_2,0.05555555555555555,1,2.75,8.350767157562792
114,r_5,a_1,0.0,3,2.5,9.941784632165032
115,r_5,a_2,0.05555555555555555,3,2.9375,10.229575011866572
116,r_5,a_1,0.125,2,2.0625,4.4349063828473705
120,r_5,a_1,0.26666666666666666,1,2.875,5.67493497687653
121,r_5,a_0,0.3333333333333333,1,2.5625,7.848209944674345
130,r_5,a_1,0.045454545454545456,3,2.35,6.378726920273209
132,r_5,a_1,0.2121212121212121,2,2.875,11.79293940031805
133,r_5,a_1,0.045454545454545456,2,2.4375,3.9178229565402773
134,r_5,a_0,0.18055555555555555,2,2.6875,4.545349068550598
135,r_5,a_1,0.045454545454545456,3,2.45,5.162527961009811
137,r_5,a_0,0.2,3,2.6875,7.62205858842022
140,r_5,a_0,0.0,3,2.5,6.413453061970452
142,r_5,a_1,0.045454545454545456,4,2.7916666666666665,6.671445349103721
143,r_5,a_0,0.14545454545454545,1,2.2,4.826995828486201
144,r_5,a_1,0.14545454545454545,2,2.8125,8.011498401113556
146,r_5,a_0,0.2698412698412698,1,2.625,4.704209333762289
147,r_5,a_1,0.1,3,3.3125,10.830846545597133
148,r_5,a_0,0.09090909090909091,1,2.6875,4.378998744020537
149,r_5,a_1,0.045454545454545456,3,2.5,7.394423086363553
150,r_5,a_1,0.0,1,2.4375,7.376238574781986
151,r_5,a_1,0.16666666666666666,3,2.5,6.864580783085731
152,r_5,a_1,0.045454545454545456,4,2.625,6.578706904081113
153,r_5,a_1,0.09090909090909091,4,2.6,9.094574993274815
176,r_1,a_2,0.05555555555555555,2,2.875,4.883080689513152
178,r_1,a_0,0.26666666666666666,2,2.4375,3.642049470586631
179,r_1,a_0,0.2,1,3.0,4.149156978380322
181,r_1,a_1,0.1,0,3.1875,4.334127179203459
182,r_1,a_2,0.045454545454545456,2,2.9375,6.0983507736353815
184,r_1,a_0,0.26666666666666666,1,3.05,8.305374623944774
186,r_1,a_0,0.14545454545454545,2,3.0,5.099144135657388
187,r_1,a_1,0.14545454545454545,4,3.25,8.195274767175242
188,r_1,a_2,0.045454545454545456,1,3.1875,6.517773094332897
189,r_1,a_1,0.14545454545454545,2,3.0625,7.336043553010051
190,r_1,a_0,0.0,3,3.25,11.650654949039183
192,r_1,a_0,0.375,4,2.9375,5.908738504146139
193,r_1,a_1,0.1,2,2.875,4.139035345043749
194,r_1,a_1,0.045454545454545456,3,3.0,4.964494926160762
196,r_1,a_0,0.14545454545454545,4,2.9375,6.116607150006769
195,r_1,a_0,0.2,1,3.125,7.795425636713867
223,r_1,a_0,0.2121212121212121,2,3.0,4.307431431070075
224,r_1,a_1,0.09090909090909091,3,3.0625,6.251073536803828
204,r_1,a_1,0.1875,2,2.9375,5.38200209053776
206,r_1,a_1,0.1,4,3.2916666666666665,8.724555653018744
209,r_1,a_0,0.14545454545454545,2,2.7083333333333335,4.386115277635732
210,r_1,a_1,0.25,2,3.25,9.190243293430928
211,r_1,a_2,0.045454545454545456,2,3.0,9.492231738821424
212,r_1,a_1,0.09090909090909091,1,2.6875,4.863191380273849
213,r_1,a_0,0.2375,1,2.8125,5.417666749176792
214,r_1,a_0,0.26666666666666666,3,2.875,3.34598102626342
215,r_1,a_0,0.09090909090909091,5,2.7916666666666665,8.227134777673243
216,r_1,a_1,0.1,1,2.4375,5.555422330648171
218,r_1,a_1,0.09090909090909091,5,2.9583333333333335,9.271231146061318
219,r_1,a_0,0.045454545454545456,3,2.9375,8.431239703496644
220,r_1,a_0,0.05,2,2.875,5.000937342133085
221,r_1,a_0,0.26666666666666666,0,2.4375,5.393935359367854
222,r_1,a_0,0.2121212121212121,1,2.875,6.259576338541483
226,r_1,a_0,0.2121212121212121,3,2.8125,6.146472699089165
227,r_1,a_2,0.045454545454545456,1,2.9375,7.203375444163222
228,r_1,a_2,0.0,1,2.625,3.17631633594637
176,r_2,a_2,0.045454545454545456,1,2.6875,4.0132862295876315
178,r_2,a_0,0.09545454545454546,4,2.625,4.653944107604163
179,r_2,a_0,0.05,2,3.3125,5.3110803021351884
181,r_2,a_2,0.045454545454545456,2,2.75,6.839474262312509
182,r_2,a_0,0.09545454545454546,2,2.8125,5.056847244209068
184,r_2,a_2,0.0,4,3.5625,12.799389315248554
186,r_2,a_1,0.0,2,3.3125,8.315009985095347
187,r_2,a_1,0.07142857142857142,2,3.25,10.431789555319948
188,r_2,a_1,0.0,3,2.75,7.2412759923128736
189,r_2,a_2,0.1,3,3.125,8.52685623832397
190,r_2,a_2,0.045454545454545456,0,2.4583333333333335,11.566015535539961
192,r_2,a_2,0.0,1,2.9375,4.896054003348711
193,r_2,a_1,0.0,1,2.6875,6.127021255867337
194,r_2,a_1,0.0,3,2.75,4.124442764380227
196,r_2,a_2,0.0,2,2.75,7.8668654382610566
195,r_2,a_2,0.0,3,2.875,7.287481448495449
223,r_2,a_2,0.045454545454545456,1,3.0625,6.673212076729909
224,r_2,a_1,0.09545454545454546,3,2.1875,6.788297561112428
204,r_2,a_1,0.0,3,2.85,8.886944552629167
206,r_2,a_1,0.05,4,3.5,13.055972973017282
209,r_2,a_0,0.0,1,3.1,6.899327928633141
210,r_2,a_1,0.05,2,3.25,10.682004415344363
211,r_2,a_2,0.1,5,3.25,9.478650200869804
212,r_2,a_1,0.0625,0,2.875,6.737490015034092
213,r_2,a_0,0.2111111111111111,3,3.3125,5.165625018701622
214,r_2,a_0,0.10555555555555556,1,3.0625,5.792745950436505
215,r_2,a_0,0.1611111111111111,4,2.875,6.658163202448385
216,r_2,a_1,0.09545454545454546,5,2.7916666666666665,4.7988467708307665
218,r_2,a_1,0.0,4,3.6,11.08123464228865
219,r_2,a_0,0.05555555555555555,1,2.5,6.210732620757558
220,r_2,a_0,0.09545454545454546,3,2.8125,7.938103966000462
221,r_2,a_0,0.1611111111111111,4,2.8125,5.662367430618058
222,r_2,a_0,0.15656565656565657,1,2.6875,6.113877577079725
226,r_2,a_0,0.09545454545454546,1,2.8125,3.335021569134132
227,r_2,a_2,0.1,2,2.9375,6.844195890691697
228,r_2,a_2,0.0,2,2.6875,6.175661038609471
176,r_3,a_2,0.045454545454545456,0,3.4375,3.1962668713058893
178,r_3,a_0,0.10555555555555556,0,2.6875,6.806870764487099
179,r_3,a_0,0.125,0,3.375,5.087605047770301
181,r_3,a_2,0.0,2,2.3125,7.128253203337525
182,r_3,a_0,0.2222222222222222,0,2.6875,3.742183279256642
184,r_3,a_2,0.09090909090909091,2,3.3333333333333335,11.378548288861845
186,r_3,a_1,0.05555555555555555,1,3.1875,6.490820551448604
187,r_3,a_1,0.09090909090909091,2,2.875,11.629153611444767
188,r_3,a_1,0.045454545454545456,4,2.9375,13.035185108505988
189,r_3,a_1,0.0,4,2.8125,8.259645043314887
190,r_3,a_2,0.045454545454545456,2,2.5416666666666665,8.800796705350551
192,r_3,a_2,0.045454545454545456,1,2.875,6.0071569470911985
193,r_3,a_1,0.14545454545454545,1,2.4375,5.0584529518057755
194,r_3,a_1,0.0,0,2.6875,5.246852887162708
196,r_3,a_2,0.0,0,2.7,6.963119166388062
195,r_3,a_1,0.0,4,2.6875,5.181793041992519
223,r_3,a_2,0.0,0,3.125,5.172608660748143
224,r_3,a_2,0.2121212121212121,1,2.875,6.099153264562183
204,r_3,a_1,0.05,0,2.9375,2.6855364479185617
206,r_3,a_1,0.0,2,2.4,7.545815274341811
209,r_3,a_0,0.0,2,3.2916666666666665,5.19197863686175
210,r_3,a_1,0.0,4,3.0833333333333335,8.245423203149137
211,r_3,a_2,0.045454545454545456,0,3.0416666666666665,5.409423343280036
212,r_3,a_1,0.05555555555555555,1,3.2083333333333335,11.087042363924304
213,r_3,a_0,0.0,2,2.875,5.193709622350105
214,r_3,a_0,0.05555555555555555,4,2.25,4.588991170132877
215,r_3,a_0,0.0,2,2.9166666666666665,8.737746411712655
216,r_3,a_1,0.1111111111111111,2,2.875,3.418462245162145
218,r_3,a_1,0.0,2,2.8,6.7312957123575545
219,r_3,a_0,0.045454545454545456,2,2.3125,2.815672209147966
220,r_3,a_0,0.10101010101010101,2,2.9375,6.52429217892381
221,r_3,a_0,0.045454545454545456,2,2.75,3.8251499948736996
222,r_3,a_0,0.1,1,2.75,8.98682876328564
226,r_3,a_0,0.225,3,2.875,4.886586851181319
227,r_3,a_2,0.125,2,2.65,8.571484023584057
228,r_3,a_2,0.0,2,2.9375,5.451626882876573
176,r_4,a_2,0.0,4,2.9,7.98600794312808
178,r_4,a_0,0.05555555555555555,2,3.125,5.025512509549019
179,r_4,a_0,0.0,2,2.625,8.308069480139405
181,r_4,a_2,0.045454545454545456,3,3.1875,5.646181649706894
182,r_4,a_0,0.0,2,2.6666666666666665,7.219077750872394
184,r_4,a_1,0.0,0,2.9583333333333335,8.22860285804829
186,r_4,a_1,0.0,1,3.125,8.210329728237308
187,r_4,a_1,0.0,1,3.125,8.254892861225876
188,r_4,a_2,0.05,1,3.0,12.795408759579376
189,r_4,a_1,0.0,3,3.0,7.388108767419581
190,r_4,a_2,0.0,4,3.0833333333333335,10.762558731642029
192,r_4,a_2,0.0,2,2.6875,5.942298277847646
193,r_4,a_1,0.09545454545454546,4,2.75,7.413714723255954
194,r_4,a_1,0.0,3,2.4375,4.316032836226516
196,r_4,a_2,0.045454545454545456,0,2.53125,5.240641862269275
195,r_4,a_1,0.0,1,2.75,5.484660212829878
223,r_4,a_2,0.1,1,2.55,9.683593421294743
224,r_4,a_2,0.0,2,2.625,5.439566802004279
204,r_4,a_1,0.0625,1,3.3125,7.636030805075464
206,r_4,a_1,0.09545454545454546,2,3.15,9.604974242549336
209,r_4,a_0,0.0,1,2.9583333333333335,6.105986019820926
210,r_4,a_1,0.0,2,3.3333333333333335,9.479155490279087
211,r_4,a_2,0.0,1,3.2083333333333335,8.089548481923234
212,r_4,a_1,0.0625,1,2.9375,7.79364468944812
213,r_4,a_0,0.05,1,2.8125,4.785612108779548
214,r_4,a_0,0.0,2,2.9375,4.580686884663277
215,r_4,a_0,0.0,2,2.9166666666666665,4.992690530312285
216,r_4,a_1,0.0,2,3.05,6.948751406042376
218,r_4,a_1,0.0,5,2.75,12.188872991460912
219,r_4,a_0,0.10555555555555556,3,2.9375,4.506448903893281
220,r_4,a_0,0.1,2,2.5,5.2024555229784095
221,r_4,a_0,0.0,2,2.5416666666666665,12.845673810058969
222,r_4,a_0,0.045454545454545456,3,3.125,10.025925088948881
226,r_4,a_0,0.15000000000000002,1,3.0,5.541593216973011
227,r_4,a_2,0.0,3,2.5,7.591540916439458
228,r_4,a_2,0.05555555555555555,0,3.125,4.91056717156223
176,r_5,a_2,0.045454545454545456,1,2.4166666666666665,5.32429737986326
178,r_5,a_0,0.14545454545454545,3,3.375,6.829443615432239
179,r_5,a_0,0.045454545454545456,0,3.125,3.3214620273827675
181,r_5,a_2,0.0,1,2.75,5.4710772243641745
182,r_5,a_0,0.1,3,3.5833333333333335,8.08577478229051
184,r_5,a_2,0.045454545454545456,2,3.2083333333333335,9.234736020735896
186,r_5,a_1,0.045454545454545456,1,3.25,8.8903794253165
187,r_5,a_1,0.05,1,2.5625,5.529738948309718
188,r_5,a_2,0.0,2,3.8125,11.647298253196245
189,r_5,a_2,0.0,1,2.8,9.34623915673167
190,r_5,a_1,0.05,2,3.0416666666666665,9.859206882128502
192,r_5,a_1,0.1,2,2.75,8.083574017979103
193,r_5,a_1,0.14545454545454545,1,3.25,8.211972755116077
194,r_5,a_1,0.125,2,2.5625,5.066730390810324
196,r_5,a_2,0.0,4,3.0,8.46870611600336
195,r_5,a_1,0.14545454545454545,3,3.25,7.193796254635983
223,r_5,a_2,0.045454545454545456,1,3.1875,8.253153464698554
224,r_5,a_2,0.045454545454545456,0,3.0625,7.019951422892807
204,r_5,a_1,0.0,1,3.6875,5.956239966031193
206,r_5,a_1,0.1,3,3.0625,9.176228023889152
209,r_5,a_0,0.09090909090909091,0,3.125,6.4600085563160485
210,r_5,a_1,0.0,1,3.4583333333333335,13.187910948588321
211,r_5,a_2,0.0,3,2.9166666666666665,7.944523217511312
212,r_5,a_1,0.14545454545454545,4,3.85,10.894462995617147
213,r_5,a_0,0.0,4,2.6875,4.449061976433587
214,r_5,a_0,0.14545454545454545,1,3.125,5.500325922467064
215,r_5,a_0,0.0,5,3.25,6.936715956923056
216,r_5,a_1,0.0,2,2.85,5.913515302023045
218,r_5,a_1,0.14545454545454545,3,3.9375,8.347975921235395
219,r_5,a_0,0.2986111111111111,2,3.3125,3.4981449917591325
220,r_5,a_0,0.1,3,3.8125,6.729362993669534
221,r_5,a_0,0.0,2,2.875,5.551877100630101
222,r_5,a_0,0.2121212121212121,0,2.65,6.532678321198412
226,r_5,a_0,0.09090909090909091,0,3.3125,7.351204848207688
227,r_5,a_2,0.0,3,4.0,10.514870473984256
228,r_5,a_2,0.05555555555555555,2,3.375,5.863729141159617
245,r_1,a_1,0.2,3,2.375,6.781210476768322
254,r_1,a_1,0.1875,2,3.0625,10.734011768041944
255,r_1,a_0,0.1611111111111111,2,3.2083333333333335,9.004105825213394
256,r_1,a_0,0.1,3,2.6875,5.896260024276121
257,r_1,a_1,0.2,2,3.3125,9.54070985668182
258,r_1,a_1,0.16666666666666666,2,3.0625,6.756681353034043
259,r_1,a_1,0.0,2,3.1875,7.8246320436241135
261,r_1,a_0,0.2222222222222222,4,3.5,5.544674004438766
262,r_1,a_1,0.05555555555555555,1,2.5833333333333335,8.575634487015465
263,r_1,a_1,0.045454545454545456,5,3.125,10.076713880644393
264,r_1,a_1,0.05,3,3.4375,7.890984323301163
265,r_1,a_0,0.5428571428571429,3,3.0,3.2267441597903743
266,r_1,a_0,0.09545454545454546,1,2.6875,4.436947856870887
267,r_1,a_1,0.3392857142857143,3,3.5,6.479814360366772
268,r_1,a_1,0.2121212121212121,3,3.25,7.079725099758434
269,r_1,a_1,0.0,5,3.2916666666666665,11.826657351239188
550,r_1,a_0,0.175,3,3.2916666666666665,9.476924563243804
551,r_1,a_1,0.05555555555555555,2,2.9583333333333335,8.432521591018222
277,r_1,a_0,0.2111111111111111,1,3.25,4.938226235470633
280,r_1,a_1,0.045454545454545456,3,4.0,5.592234343213585
281,r_1,a_1,0.1875,3,3.3125,8.485930098188327
283,r_1,a_0,0.1,0,2.5,3.844419161827938
284,r_1,a_1,0.2,2,3.3125,6.942160802261734
286,r_1,a_1,0.0,3,2.5625,6.080260757617657
288,r_1,a_0,0.2222222222222222,2,3.0625,5.263604531123937
289,r_1,a_0,0.15656565656565657,3,3.125,4.504501015016326
290,r_1,a_1,0.0,6,3.5833333333333335,13.524885051643867
291,r_1,a_1,0.045454545454545456,1,3.1875,4.63556147326208
292,r_1,a_1,0.0,2,2.75,8.85513417161783
293,r_1,a_1,0.1875,2,2.9375,5.861495086111061
294,r_1,a_0,0.18055555555555555,2,2.9375,4.7734976049636
295,r_1,a_0,0.375,0,2.875,5.270157966912967
296,r_1,a_1,0.25,2,3.1875,7.188513344951069
298,r_1,a_1,0.1,3,3.0625,5.2671601228513145
299,r_1,a_1,0.125,3,3.375,8.913713893871904
561,r_1,a_1,0.2121212121212121,2,3.3125,5.688620339479456
245,r_2,a_2,0.0,2,4.125,7.055907506169534
254,r_2,a_1,0.1,5,4.083333333333333,18.58395868036554
255,r_2,a_1,0.0,1,3.9375,5.486191890415639
256,r_2,a_1,0.1,2,3.75,8.153490730073106
257,r_2,a_2,0.045454545454545456,1,3.6875,7.558932441590876
258,r_2,a_2,0.0,1,3.25,5.150632082213956
259,r_2,a_2,0.045454545454545456,2,3.875,9.874957251037952
261,r_2,a_1,0.0,1,3.6875,8.791211229527383
262,r_2,a_1,0.0,3,3.9166666666666665,6.017322911159934
263,r_2,a_2,0.0,3,4.0625,5.374756310963932
264,r_2,a_2,0.0,2,4.3125,6.053347079525999
265,r_2,a_2,0.05555555555555555,4,3.5,5.190597446596132
266,r_2,a_2,0.18055555555555555,0,3.6875,9.061957288243239
267,r_2,a_2,0.05555555555555555,2,4.0,6.622675124539656
268,r_2,a_1,0.0,2,3.75,5.903995016679062
269,r_2,a_2,0.045454545454545456,2,3.75,7.377990322865166
550,r_2,a_2,0.0,4,3.3333333333333335,10.226541746032701
551,r_2,a_2,0.0,2,3.0625,5.571705005398437
277,r_2,a_0,0.2,2,3.5,10.99008589916395
280,r_2,a_2,0.0,2,3.8125,4.864584357608214
281,r_2,a_1,0.045454545454545456,3,3.8125,8.644915182926962
283,r_2,a_0,0.2698412698412698,1,3.4,7.809414933075284
284,r_2,a_1,0.0,2,4.0,4.577608519351649
286,r_2,a_2,0.0,2,4.25,6.937520668630773
288,r_2,a_0,0.0,3,4.0625,7.495378031023545
289,r_2,a_0,0.0,2,3.6875,5.837456020500504
290,r_2,a_1,0.0,5,3.6666666666666665,14.783108686636133
291,r_2,a_2,0.0,2,3.6875,8.246219957874196
292,r_2,a_2,0.0,2,3.25,10.019831575157585
293,r_2,a_1,0.1,3,3.6875,4.299058644072422
294,r_2,a_0,0.05,3,3.9375,5.23265518486647
295,r_2,a_0,0.05555555555555555,1,3.6875,5.880611446619073
296,r_2,a_2,0.0,2,3.8125,7.7155205482771425
298,r_2,a_2,0.0,2,3.875,6.229151650816065
299,r_2,a_1,0.05,3,3.625,6.6456180463258505
561,r_2,a_1,0.0,3,3.125,8.512489508827795
245,r_3,a_1,0.045454545454545456,1,3.5,8.222372030941738
254,r_3,a_1,0.14545454545454545,4,3.0833333333333335,13.354733556416743
255,r_3,a_2,0.05,2,3.2,8.82446897568352
256,r_3,a_1,0.045454545454545456,4,3.0833333333333335,9.76500339930703
257,r_3,a_1,0.045454545454545456,2,2.6875,6.038009795471519
258,r_3,a_1,0.0,0,2.4375,6.691057645784318
259,r_3,a_2,0.09545454545454546,3,3.625,7.1454720479457805
261,r_3,a_1,0.0,1,3.0625,5.781688137088261
262,r_3,a_1,0.05555555555555555,2,2.4166666666666665,7.292926829785959
263,r_3,a_1,0.0,4,3.0,7.346211750366716
264,r_3,a_1,0.0,2,3.25,6.303775604697214
265,r_3,a_2,0.0,2,2.6875,6.376359589846617
266,r_3,a_2,0.1,4,2.75,5.783917723038904
267,r_3,a_2,0.0,2,3.125,2.853089419067166
268,r_3,a_1,0.05,3,3.25,5.6874410514529
269,r_3,a_1,0.09545454545454546,0,2.9375,8.402829019380867
550,r_3,a_1,0.0,3,3.5833333333333335,8.38351534476304
551,r_3,a_2,0.05,2,3.4583333333333335,3.540283884484401
277,r_3,a_0,0.14545454545454545,0,3.5,8.083694806404853
280,r_3,a_1,0.0625,2,2.125,4.012344481491278
281,r_3,a_1,0.1,4,2.9375,6.650092927192752
283,r_3,a_0,0.20535714285714285,1,1.9375,5.259406368986719
284,r_3,a_1,0.09545454545454546,3,3.4375,6.362479940605184
286,r_3,a_1,0.0,3,2.8125,10.07821517410196
288,r_3,a_0,0.0,4,2.8125,6.424132958914699
289,r_3,a_0,0.05,4,3.4375,6.996745516543971
290,r_3,a_1,0.0,3,2.75,13.499534358396044
291,r_3,a_1,0.0,2,2.3125,7.215273253404245
292,r_3,a_1,0.0,4,2.6875,8.899043125492726
293,r_3,a_1,0.09090909090909091,1,2.375,3.4407839827699997
294,r_3,a_0,0.05555555555555555,3,2.4375,5.090838550559288
295,r_3,a_0,0.125,1,2.625,8.352076548745856
296,r_3,a_1,0.0,3,2.95,11.45088532401214
298,r_3,a_1,0.0,3,2.6875,6.607716255317769
299,r_3,a_1,0.16666666666666666,4,2.9583333333333335,9.749698002898391
561,r_3,a_1,0.0,2,3.3125,8.513403159464842
245,r_4,a_1,0.0,3,2.75,7.712178852628604
254,r_4,a_1,0.045454545454545456,4,3.2083333333333335,11.549164999544395
255,r_4,a_1,0.0,0,2.8125,5.756905432257449
256,r_4,a_0,0.09090909090909091,2,2.9166666666666665,10.11147855635609
257,r_4,a_0,0.0,1,3.0,9.43165660690483
258,r_4,a_0,0.0,3,2.8,9.728108321348259
259,r_4,a_1,0.0,2,2.6875,7.865506881553642
261,r_4,a_1,0.0,3,2.85,7.228412711512188
262,r_4,a_0,0.045454545454545456,2,2.625,6.3168825414487655
263,r_4,a_1,0.0,4,2.8333333333333335,5.684270075013357
264,r_4,a_1,0.0,2,2.75,8.135068281888369
265,r_4,a_1,0.045454545454545456,4,2.875,6.683009407315071
266,r_4,a_1,0.0,2,2.875,5.035341263447595
267,r_4,a_1,0.0,3,2.875,6.096742513073285
268,r_4,a_0,0.0,2,2.8125,4.5322703802637285
269,r_4,a_0,0.0,1,2.6875,8.364059520785602
550,r_4,a_1,0.0,4,3.5416666666666665,11.421030612352805
551,r_4,a_0,0.09090909090909091,2,3.5833333333333335,5.422920107045683
277,r_4,a_0,0.0,2,3.125,9.354679796900799
280,r_4,a_1,0.1,3,3.1875,4.234956705932202
281,r_4,a_1,0.0,4,3.25,4.952218404414819
283,r_4,a_0,0.05555555555555555,1,3.05,6.840924475384023
284,r_4,a_0,0.0,1,3.0,5.539890318683832
286,r_4,a_1,0.05555555555555555,3,2.5625,5.876423625081095
288,r_4,a_0,0.0,2,3.05,4.861214569565391
289,r_4,a_0,0.0,4,3.0,7.896413570957055
290,r_4,a_0,0.0,3,2.625,16.26403292044482
291,r_4,a_0,0.0,0,2.9375,6.551063573221779
292,r_4,a_1,0.05555555555555555,2,2.6875,10.69804879754915
293,r_4,a_1,0.045454545454545456,1,2.75,4.868253608768413
294,r_4,a_0,0.0,2,3.0,8.317929475896257
295,r_4,a_0,0.05555555555555555,0,2.9375,5.800908299535336
296,r_4,a_0,0.045454545454545456,3,2.75,8.55673763889843
298,r_4,a_0,0.0,2,2.625,6.564507201211912
299,r_4,a_1,0.045454545454545456,5,3.0833333333333335,7.465974019015697
561,r_4,a_0,0.0,3,3.2,9.094662529446214
245,r_5,a_2,0.045454545454545456,3,3.75,6.825796072054456
254,r_5,a_1,0.1611111111111111,4,3.2916666666666665,15.322774860427273
255,r_5,a_1,0.045454545454545456,2,3.4375,7.207164609018834
256,r_5,a_0,0.14545454545454545,1,3.5,12.083707657845657
257,r_5,a_2,0.0,1,3.4375,7.01478377665451
258,r_5,a_2,0.045454545454545456,3,3.35,5.64859742661035
259,r_5,a_1,0.1,1,3.6875,4.883813895915976
261,r_5,a_2,0.0,3,3.5625,8.888022233197825
262,r_5,a_0,0.0,2,3.1875,4.048750804029918
263,r_5,a_1,0.14545454545454545,4,3.75,7.9945885819753695
264,r_5,a_2,0.05,3,3.75,11.065041118225226
265,r_5,a_0,0.09090909090909091,2,3.6875,5.685006352551902
266,r_5,a_1,0.05555555555555555,3,3.375,8.087282685046624
267,r_5,a_1,0.05555555555555555,0,3.1875,6.6802789337134225
268,r_5,a_0,0.14545454545454545,0,3.6875,7.761132650326838
269,r_5,a_0,0.0,3,3.2,7.349248601214299
550,r_5,a_2,0.0,4,3.75,15.857499937569896
551,r_5,a_1,0.0,3,3.4166666666666665,9.48672760942872
277,r_5,a_0,0.09090909090909091,1,3.0625,9.413606321060243
280,r_5,a_2,0.0,2,3.25,7.780991525180888
281,r_5,a_1,0.0,2,2.75,7.8257115620281485
283,r_5,a_0,0.05555555555555555,0,2.55,3.26918284379311
284,r_5,a_0,0.14545454545454545,0,2.8125,4.604784142135153
286,r_5,a_2,0.05,3,3.1875,6.9873763794199775
288,r_5,a_0,0.05,3,2.95,8.810558188956925
289,r_5,a_0,0.2,2,2.9375,3.0557626989880005
290,r_5,a_0,0.045454545454545456,3,3.0416666666666665,11.599424345952153
291,r_5,a_1,0.1875,2,3.375,5.609974692813639
292,r_5,a_2,0.125,2,2.9375,9.64450424663967
293,r_5,a_1,0.2375,1,3.375,7.260790758123337
294,r_5,a_0,0.0,1,3.0,7.9317691447461725
295,r_5,a_0,0.18055555555555555,1,3.0625,5.881359410838085
296,r_5,a_1,0.045454545454545456,1,3.4166666666666665,11.66447276592603
298,r_5,a_1,0.0,1,3.125,9.870816360895198
299,r_5,a_1,0.1,2,3.375,8.560139128012874
561,r_5,a_0,0.0,4,2.95,8.150035994198035
320,r_1,a_1,0.1611111111111111,1,3.8125,8.723040361725555
321,r_1,a_2,0.1,0,3.25,0.0
322,r_1,a_2,0.0,0,2.9375,0.0
323,r_1,a_1,0.16666666666666666,4,3.75,9.245385023430284
324,r_1,a_0,0.1,1,3.125,6.478346427895709
325,r_1,a_0,0.09090909090909091,1,3.375,5.416609920468169
327,r_1,a_2,0.045454545454545456,5,3.4583333333333335,9.270422311882962
328,r_1,a_2,0.0,0,3.125,5.013016965493878
329,r_1,a_1,0.1,0,3.1875,3.7813502147966536
330,r_1,a_0,0.09090909090909091,3,3.3333333333333335,6.810494939035566
332,r_1,a_1,0.26666666666666666,3,3.25,7.182786694100795
333,r_1,a_2,0.14545454545454545,6,3.7916666666666665,8.866240769438582
334,r_1,a_2,0.0,3,3.625,4.610694384371705
335,r_1,a_1,0.21428571428571427,1,3.6875,5.67518935382475
336,r_1,a_0,0.045454545454545456,2,3.4375,6.162726482444122
337,r_1,a_0,0.26666666666666666,3,3.55,5.999650457485055
338,r_1,a_1,0.09090909090909091,3,3.15,8.049380429713516
331,r_1,a_0,0.1,1,3.3125,6.67797094649152
347,r_1,a_1,0.0,3,3.625,6.627899024832367
348,r_1,a_2,0.045454545454545456,5,3.8333333333333335,9.585535243188184
349,r_1,a_2,0.045454545454545456,1,3.375,6.812736429807631
350,r_1,a_1,0.0,3,3.0,3.6534470012801146
352,r_1,a_0,0.14545454545454545,3,3.3333333333333335,7.622126607011019
353,r_1,a_1,0.14545454545454545,1,3.375,4.340745578261619
354,r_1,a_2,0.0,2,3.4375,4.71861562296767
356,r_1,a_1,0.1,3,3.2,5.8889315696290305
357,r_1,a_0,0.18055555555555555,0,2.875,2.9821719270766813
358,r_1,a_0,0.0,2,3.3333333333333335,11.89616451334873
359,r_1,a_1,0.05,2,3.4166666666666665,7.536863013649601
361,r_1,a_2,0.0,3,3.2916666666666665,6.547941248296504
363,r_1,a_0,0.14545454545454545,3,3.5625,6.520610944544472
364,r_1,a_0,0.3333333333333333,1,3.125,1.8264520668017508
365,r_1,a_0,0.2,0,3.1875,3.774293490656129
368,r_1,a_1,0.1,3,3.5,2.8551698469941056
370,r_1,a_2,0.0,3,3.2083333333333335,7.001406675842669
562,r_1,a_2,0.1,3,2.8125,4.277531216093937
320,r_2,a_2,0.0,2,3.375,7.598588810313094
321,r_2,a_1,0.1111111111111111,1,2.5833333333333335,16.534327902318047
322,r_2,a_1,0.0,1,2.5625,4.122874062324119
323,r_2,a_1,0.0,3,3.6875,9.07753080149109
324,r_2,a_0,0.0,4,2.9375,6.239088682371335
325,r_2,a_0,0.045454545454545456,0,2.9,8.715905255735638
327,r_2,a_1,0.0,6,3.25,10.940912948233334
328,r_2,a_2,0.0,2,3.95,8.08637223319221
329,r_2,a_0,0.045454545454545456,1,2.75,4.007855678047791
330,r_2,a_2,0.0,2,3.3333333333333335,8.20904395610703
332,r_2,a_1,0.0,1,3.1875,5.943308879992778
333,r_2,a_2,0.0,4,3.25,11.943653015828643
334,r_2,a_0,0.045454545454545456,0,2.625,5.329116415711244
335,r_2,a_1,0.0,2,3.8125,7.727250235301266
336,r_2,a_2,0.045454545454545456,2,3.2,7.811746251124362
337,r_2,a_0,0.1,1,3.0,3.8484043378859845
338,r_2,a_1,0.1,2,3.0,7.697043566887164
331,r_2,a_2,0.0,2,3.5,4.754509065499715
347,r_2,a_1,0.09090909090909091,1,3.1875,6.924640063766566
348,r_2,a_1,0.1,3,3.7916666666666665,15.44968562209393
349,r_2,a_1,0.0,2,3.625,10.557719241069597
350,r_2,a_1,0.05555555555555555,1,3.75,6.085477087953842
352,r_2,a_0,0.09090909090909091,2,3.1666666666666665,7.693440253383104
353,r_2,a_1,0.0,4,3.6875,6.273557986903877
354,r_2,a_1,0.0,2,3.125,5.620346223804235
356,r_2,a_1,0.0,3,3.8,9.538973392661124
357,r_2,a_0,0.05555555555555555,1,2.2916666666666665,1.7531820840302812
358,r_2,a_0,0.0,1,3.1666666666666665,9.43422703366744
359,r_2,a_1,0.045454545454545456,3,3.05,3.314995535128161
361,r_2,a_1,0.0,1,3.0833333333333335,5.0138443004490725
363,r_2,a_0,0.14545454545454545,2,3.5625,5.246547157769147
364,r_2,a_0,0.0,3,3.3125,5.804395320937476
365,r_2,a_0,0.0,4,3.4583333333333335,6.966783242836428
368,r_2,a_1,0.0,3,3.6875,5.599562779558454
370,r_2,a_1,0.0,0,3.0,5.966618962441144
562,r_2,a_1,0.0,4,2.875,5.609727581576447
320,r_3,a_2,0.05555555555555555,3,3.1875,6.489341872881818
321,r_3,a_1,0.0,2,3.125,12.531370903782848
322,r_3,a_1,0.0,1,2.3125,1.0
323,r_3,a_2,0.0,1,2.375,4.833886798773769
324,r_3,a_0,0.14545454545454545,2,2.1875,4.55328076877964
325,r_3,a_0,0.045454545454545456,3,2.5625,8.573575549931189
327,r_3,a_0,0.045454545454545456,2,2.1666666666666665,7.004246813667552
328,r_3,a_2,0.0,2,2.8125,6.2116631830362055
329,r_3,a_1,0.0,2,2.75,5.639512155866717
330,r_3,a_2,0.0,3,2.4166666666666665,7.971783029780647
332,r_3,a_0,0.0,1,2.3125,5.03940524634138
333,r_3,a_2,0.045454545454545456,2,2.375,10.910402685685263
334,r_3,a_0,0.26666666666666666,1,2.6875,5.317141326434901
335,r_3,a_1,0.0,2,2.25,6.476444883635612
336,r_3,a_2,0.0,1,2.3125,7.307713756042803
337,r_3,a_0,0.125,0,2.625,5.10845345959061
338,r_3,a_2,0.0,1,2.9375,6.87497977329683
331,r_3,a_2,0.05555555555555555,2,2.375,5.657291950690145
347,r_3,a_1,0.05555555555555555,2,2.8125,6.496596524132817
348,r_3,a_1,0.045454545454545456,5,3.4583333333333335,9.154917073424865
349,r_3,a_1,0.0,2,2.375,8.365761143253039
350,r_3,a_1,0.0,2,2.0,4.001008535199853
352,r_3,a_0,0.14545454545454545,1,2.4583333333333335,12.237191454429752
353,r_3,a_1,0.045454545454545456,2,2.0833333333333335,6.832749433447241
354,r_3,a_1,0.0,3,2.75,8.683099319520574
356,r_3,a_1,0.1,5,3.25,7.531960534203493
357,r_3,a_0,0.0,1,2.5625,2.2194504897542218
358,r_3,a_0,0.09090909090909091,4,2.7083333333333335,11.110454008626125
359,r_3,a_1,0.0,1,2.3125,2.7953045250304207
361,r_3,a_1,0.0,0,2.4583333333333335,5.336778494976346
363,r_3,a_0,0.0,1,2.3125,4.625456285320798
364,r_3,a_0,0.045454545454545456,0,2.0,3.2930497341911447
365,r_3,a_0,0.045454545454545456,3,2.4,6.343632241721588
368,r_3,a_1,0.0,3,3.0625,7.5663770307204405
370,r_3,a_1,0.0,1,2.5416666666666665,5.846365294048686
562,r_3,a_1,0.045454545454545456,2,3.8333333333333335,7.076351431178868
320,r_4,a_2,0.0,2,2.875,8.424302441877087
321,r_4,a_2,0.0,1,2.625,8.856083687321199
322,r_4,a_1,0.05,2,2.8125,8.521846176277773
323,r_4,a_2,0.045454545454545456,2,3.0625,5.767135774545309
324,r_4,a_1,0.0,4,3.625,5.2543014268743224
325,r_4,a_0,0.0,3,3.05,6.507556151503113
327,r_4,a_1,0.0,5,2.9166666666666665,7.184829817179164
328,r_4,a_2,0.0,2,3.0625,4.665056706510712
329,r_4,a_1,0.05555555555555555,1,3.4375,8.247438214393704
330,r_4,a_2,0.14545454545454545,4,3.625,10.603677257070936
332,r_4,a_0,0.045454545454545456,1,2.875,4.772883374004548
333,r_4,a_2,0.0,3,3.4583333333333335,12.490049743695696
334,r_4,a_0,0.0,2,3.25,4.970366245300187
335,r_4,a_0,0.1,2,3.25,8.251750402144452
336,r_4,a_2,0.0,4,3.75,8.008539377519398
337,r_4,a_0,0.0,2,2.9583333333333335,7.119109154518691
338,r_4,a_2,0.0,4,3.35,14.109903220970256
331,r_4,a_2,0.05,4,3.6875,4.084784721590287
347,r_4,a_1,0.09090909090909091,3,3.875,6.996633711921966
348,r_4,a_1,0.045454545454545456,3,3.5,9.893330405599556
349,r_4,a_1,0.045454545454545456,2,3.5625,7.893567326047675
350,r_4,a_1,0.125,0,3.0625,5.700171112686551
352,r_4,a_0,0.0,4,3.0416666666666665,8.750991910006723
353,r_4,a_1,0.045454545454545456,2,3.25,5.243019056955699
354,r_4,a_1,0.05555555555555555,3,3.3125,9.047582976206924
356,r_4,a_1,0.0,3,3.35,8.036987433726576
357,r_4,a_0,0.0,1,1.9375,0.0
358,r_4,a_0,0.15000000000000002,3,3.125,10.92100641201099
359,r_4,a_1,0.2121212121212121,1,2.75,5.170258972406979
361,r_4,a_1,0.0,1,2.75,4.449500957148919
363,r_4,a_0,0.0,2,2.8125,10.320549386425494
364,r_4,a_0,0.045454545454545456,2,3.0625,5.783288242813314
365,r_4,a_0,0.0,2,3.0833333333333335,7.753750813117629
368,r_4,a_1,0.0,4,3.3125,7.977797694867834
370,r_4,a_1,0.0,3,2.75,5.894909922329317
562,r_4,a_1,0.045454545454545456,6,3.7083333333333335,5.346388695926196
320,r_5,a_2,0.05,3,3.4,8.118812860436812
321,r_5,a_2,0.045454545454545456,0,3,0.0
322,r_5,a_2,0.0,2,3.05,5.126272148934592
323,r_5,a_2,0.045454545454545456,2,3.6999999999999997,9.007605286033467
324,r_5,a_1,0.0,2,3.5500000000000003,8.945059531696796
325,r_5,a_0,0.1611111111111111,2,3.35,11.576749090185082
327,r_5,a_2,0.0,1,3.466666666666667,2.748490948422545
328,r_5,a_2,0.0,1,3.3200000000000003,8.768528875546092
329,r_5,a_2,0.0,0,3.55,6.710116635364992
330,r_5,a_2,0.0,1,3.4000000000000004,9.947692196093206
332,r_5,a_1,0.16666666666666666,3,3.65,6.823903510938207
333,r_5,a_2,0.0,2,3.766666666666667,10.255935056124143
334,r_5,a_0,0.045454545454545456,0,3.7499999999999996,6.25383649233957
335,r_5,a_0,0.1,4,3.6,6.975523522502443
336,r_5,a_2,0.0,2,3.8,7.220232466755276
337,r_5,a_0,0.2121212121212121,1,3.6666666666666665,6.535226991169209
338,r_5,a_2,0.045454545454545456,0,3.5599999999999996,12.86951374010539
331,r_5,a_2,0.05555555555555555,1,2.9000000000000004,7.94195395074002
347,r_5,a_1,0.14545454545454545,2,4.0,7.393871777359003
348,r_5,a_2,0.045454545454545456,3,3.2999999999999994,11.783939660049016
349,r_5,a_2,0.0,3,3.8499999999999996,13.176934520653969
350,r_5,a_1,0.05555555555555555,4,3.75,4.9850768609347655
352,r_5,a_0,0.1,3,3.733333333333333,8.91678916897418
353,r_5,a_1,0.2121212121212121,2,3.7,3.866865465990642
354,r_5,a_2,0.05,2,3.45,10.757421403343795
356,r_5,a_1,0.1,3,2.6333333333333333,7.544760463285966
357,r_5,a_0,0.07142857142857142,0,2.533333333333333,0.0
358,r_5,a_0,0.14545454545454545,1,3.633333333333333,8.773778452608575
359,r_5,a_1,0.1111111111111111,0,3.3500000000000005,5.361301063874897
361,r_5,a_2,0.0,0,3.3333333333333335,1.9029140748501716
363,r_5,a_0,0.045454545454545456,2,3.5,7.1350565742510526
364,r_5,a_0,0.1,2,2.8500000000000005,4.207716969437866
365,r_5,a_0,0.1,1,3.25,5.975970474014963
368,r_5,a_1,0.045454545454545456,2,2.6,3.9095677775384727
370,r_5,a_2,0.0,1,3.3000000000000003,6.43744088482801
562,r_5,a_2,0.045454545454545456,2,3.0,8.485815863913775
378,r_1,a_2,0.05,1,2.5,4.869386510751168
396,r_1,a_1,0.05,3,3.25,4.192068303302568
400,r_1,a_0,0.09545454545454546,3,3.5,5.294645838695059
382,r_1,a_0,0.0,2,2.625,6.816951529126438
392,r_1,a_0,0.1611111111111111,3,2.8125,7.481348943958216
402,r_1,a_0,0.3571428571428571,4,2.9166666666666665,6.28125051453328
388,r_1,a_0,0.1,4,3.0833333333333335,5.615717715377089
395,r_1,a_1,0.045454545454545456,4,2.95,7.190389421961383
397,r_1,a_2,0.05,2,2.875,5.368622300733685
398,r_1,a_0,0.1111111111111111,3,3.375,3.2655506436872237
399,r_1,a_0,0.2,1,2.625,4.212119873533418
401,r_1,a_1,0.1,1,3.1875,4.942991455955046
559,r_1,a_2,0.0,3,3.8125,5.4613907912371245
558,r_1,a_1,0.05555555555555555,2,2.7916666666666665,9.410176239967745
554,r_1,a_1,0.1111111111111111,3,2.75,3.845919570389471
555,r_1,a_0,0.05,3,2.875,7.455026367138917
404,r_1,a_0,0.0,0,3.125,0.0
557,r_1,a_1,0.1611111111111111,4,2.5625,6.230266707772237
431,r_1,a_2,0.0,1,3.0625,4.4025512913152856
418,r_1,a_1,0.05,2,3.125,4.52391497774826
413,r_1,a_0,0.2986111111111111,4,3.3125,5.088236519013332
414,r_1,a_0,0.15000000000000002,1,2.9375,6.081913585733797
415,r_1,a_0,0.045454545454545456,3,3.1875,3.248565333668257
416,r_1,a_1,0.045454545454545456,3,3.0,5.753169177876731
432,r_1,a_2,0.045454545454545456,2,3.0,9.31275600359592
430,r_1,a_1,0.125,2,3.0625,5.064205236062974
425,r_1,a_0,0.0,0,2.4166666666666665,2.183898621997043
420,r_1,a_0,0.21666666666666667,2,3.0,4.2575162536097775
421,r_1,a_0,0.14545454545454545,1,2.6875,5.058752273793129
428,r_1,a_1,0.045454545454545456,3,2.1875,4.9348652156784585
426,r_1,a_0,0.15000000000000002,2,2.9375,5.298144327732649
427,r_1,a_0,0.0625,3,2.375,3.7304865240899856
563,r_1,a_2,0.045454545454545456,1,3.3125,8.815032772826981
564,r_1,a_1,0.05,2,3.1875,7.3371854885424455
565,r_1,a_0,0.05,0,2.6666666666666665,4.84159983004597
566,r_1,a_1,0.05555555555555555,4,2.75,5.700272787291579
378,r_2,a_0,0.0,3,3.8125,4.246411764511594
396,r_2,a_2,0.0,2,3.5,7.027587954066868
400,r_2,a_1,0.045454545454545456,2,3.3125,5.007632011601475
382,r_2,a_0,0.0,3,3.6875,7.253309790250613
392,r_2,a_1,0.0,1,3.625,7.719093139938905
402,r_2,a_1,0.045454545454545456,1,3.1875,4.27443022106616
388,r_2,a_2,0.045454545454545456,1,3.625,6.774883199836548
395,r_2,a_1,0.045454545454545456,2,3.75,7.387815143535898
397,r_2,a_2,0.0,1,3.6875,4.305891874827076
398,r_2,a_2,0.05,3,3.6875,6.096937629334775
399,r_2,a_1,0.1,2,3.8125,6.4059474045411235
401,r_2,a_2,0.045454545454545456,1,3.375,5.091238298291913
559,r_2,a_2,0.0,3,3.1875,5.86637975158265
558,r_2,a_2,0.0,3,3.375,8.95415456616935
554,r_2,a_1,0.1,1,3.5625,3.608294121786761
555,r_2,a_1,0.05,3,3.375,10.235810504160765
404,r_2,a_2,0.045454545454545456,2,2.9583333333333335,9.755901952942322
557,r_2,a_2,0.045454545454545456,0,3.5625,5.441639147478499
431,r_2,a_2,0.05,1,3.25,5.768054152618871
418,r_2,a_1,0.045454545454545456,3,2.9375,8.192379175662156
413,r_2,a_0,0.05,2,3.25,4.913501853418714
414,r_2,a_0,0.0,1,3.45,7.565705039308295
415,r_2,a_0,0.05,2,3.1,10.085490178928112
416,r_2,a_1,0.0,4,3.0,7.808155995760187
432,r_2,a_2,0.045454545454545456,4,3.4,8.455914014015768
430,r_2,a_1,0.0,2,2.7,11.166853392994556
425,r_2,a_0,0.045454545454545456,4,3.0416666666666665,6.824570584733031
420,r_2,a_0,0.045454545454545456,1,3.3125,5.2395848735902675
421,r_2,a_0,0.0,3,3.0,4.584039907085114
428,r_2,a_1,0.045454545454545456,1,2.5625,3.1677149383440186
426,r_2,a_0,0.045454545454545456,0,3.15,5.319848221056812
427,r_2,a_0,0.14545454545454545,1,2.8125,3.48902822356127
563,r_2,a_2,0.0,4,3.25,10.287613820406676
564,r_2,a_1,0.045454545454545456,3,2.9166666666666665,7.08776239385181
565,r_2,a_0,0.1,4,3.1666666666666665,6.055098162307573
566,r_2,a_1,0.0,3,2.84375,3.084465309566087
378,r_3,a_0,0.05555555555555555,2,3.875,3.837240648664959
396,r_3,a_2,0.0,2,3.8125,7.953463589500021
400,r_3,a_1,0.045454545454545456,3,3.875,7.332633845955645
382,r_3,a_0,0.1111111111111111,3,3.8125,6.890711207197267
392,r_3,a_2,0.0,2,3.5,8.076443446366094
402,r_3,a_1,0.0,1,3.875,4.570553698560769
388,r_3,a_2,0.045454545454545456,2,4.208333333333333,8.948065390135636
395,r_3,a_1,0.0,1,3.5,6.00476274264667
397,r_3,a_2,0.0,0,4.0,5.004516225937231
398,r_3,a_2,0.0,2,3.1875,4.093880154027838
399,r_3,a_1,0.0,2,3.8125,4.564689509810927
401,r_3,a_2,0.0,3,3.625,6.2256168311300595
559,r_3,a_2,0.0,1,3.9,6.626245852076488
558,r_3,a_2,0.045454545454545456,3,3.9166666666666665,10.635070428059276
554,r_3,a_1,0.045454545454545456,1,3.9375,2.5744684805259004
555,r_3,a_1,0.045454545454545456,3,3.6666666666666665,8.186456950256009
404,r_3,a_2,0.0,1,3.4166666666666665,3.311979573239281
557,r_3,a_2,0.0,2,3.4375,4.1689084288927685
431,r_3,a_2,0.045454545454545456,3,3.8125,6.868282279132948
418,r_3,a_1,0.045454545454545456,4,3.6875,7.494150318846216
413,r_3,a_0,0.23295454545454547,1,3.375,4.6692763145763685
414,r_3,a_0,0.0,3,3.3125,10.545812770984394
415,r_3,a_0,0.09090909090909091,4,3.95,5.81421272889529
416,r_3,a_1,0.045454545454545456,2,3.6875,9.120894286182427
432,r_3,a_2,0.0,1,3.9375,8.500506448946098
430,r_3,a_1,0.1111111111111111,3,3.3125,4.936862779127988
425,r_3,a_0,0.0,0,2.4166666666666665,2.3168719534475337
420,r_3,a_0,0.09545454545454546,4,3.9583333333333335,9.80057908871211
421,r_3,a_0,0.1,3,3.625,5.305842754977997
428,r_3,a_1,0.0,2,3.625,4.126667460580679
426,r_3,a_0,0.09545454545454546,1,4.0625,5.574067068122685
427,r_3,a_0,0.045454545454545456,2,3.3125,3.440740639109288
563,r_3,a_2,0.14545454545454545,2,4.1875,11.874001077980987
564,r_3,a_1,0.05,1,3.75,5.0636074585468105
565,r_3,a_0,0.15656565656565657,4,3.6666666666666665,7.6049347483788985
566,r_3,a_1,0.0,1,3.75,5.612528623377358
378,r_4,a_0,0.0,2,3.35,3.9486985907666856
396,r_4,a_2,0.045454545454545456,1,3.375,6.205708896363682
400,r_4,a_1,0.045454545454545456,5,3.4166666666666665,15.805353836023817
382,r_4,a_0,0.0,0,3.15625,6.134555580263089
392,r_4,a_2,0.0,3,4.0,9.409408450279745
402,r_4,a_1,0.0,3,3.625,6.139844301741023
388,r_4,a_2,0.045454545454545456,2,3.5625,4.921614346607438
395,r_4,a_1,0.14545454545454545,2,3.6,5.997912536630956
397,r_4,a_2,0.0,1,2.75,6.711787234493865
398,r_4,a_2,0.0,3,3.8125,5.436420406539321
399,r_4,a_1,0.045454545454545456,2,3.4375,7.019857199668486
401,r_4,a_1,0.1875,3,3.8125,5.075800242750424
559,r_4,a_2,0.0,2,3.5,7.988008240190402
558,r_4,a_2,0.045454545454545456,4,3.625,10.829759856075379
554,r_4,a_1,0.0,2,3.25,4.015000170207539
555,r_4,a_1,0.14545454545454545,5,4.125,6.723747350941119
404,r_4,a_2,0.0,0,3.25,0.0
557,r_4,a_2,0.05555555555555555,3,3.8125,7.026551950765718
431,r_4,a_2,0.045454545454545456,3,3.1875,5.91383897672854
418,r_4,a_1,0.1,2,3.625,7.997035997758688
413,r_4,a_0,0.09090909090909091,2,3.75,5.105599795364736
414,r_4,a_0,0.045454545454545456,6,3.4583333333333335,12.435538136277868
415,r_4,a_0,0.045454545454545456,2,3.65,4.560248866173435
416,r_4,a_1,0.09090909090909091,3,3.6875,10.286283727835361
432,r_4,a_2,0.045454545454545456,2,3.75,8.199486722924167
430,r_4,a_1,0.045454545454545456,1,3.45,3.6817931654925484
425,r_4,a_0,0.1111111111111111,3,3.0416666666666665,3.874946480781847
420,r_4,a_0,0.05,4,3.3333333333333335,7.867203185534213
421,r_4,a_0,0.05,2,3.3125,2.421128856379985
428,r_4,a_1,0.0,2,3.125,4.7769306437432295
426,r_4,a_0,0.05555555555555555,3,3.875,5.78025823163059
427,r_4,a_0,0.05,2,2.9375,3.7447331695777812
563,r_4,a_2,0.045454545454545456,3,3.5416666666666665,10.297382544006702
564,r_4,a_1,0.0,2,3.4375,5.838602518905834
565,r_4,a_0,0.0,3,3.25,8.161618932646341
566,r_4,a_1,0.0,1,3.0,4.676525192445717
378,r_5,a_0,0.125,3,3.0625,6.723790113255593
396,r_5,a_2,0.0,1,3.53125,8.844909262437639
400,r_5,a_1,0.05,1,3.1666666666666665,9.629637998658508
382,r_5,a_0,0.09090909090909091,1,3.125,4.917738944578541
392,r_5,a_2,0.0,3,4.0,9.813667407433346
402,r_5,a_1,0.1,5,4.05,7.020166476375238
388,r_5,a_2,0.0,2,3.15,7.415171906963796
395,r_5,a_1,0.1,3,3.875,6.545204362610878
397,r_5,a_2,0.0,1,3.5625,6.222143540920465
398,r_5,a_2,0.0,1,3.625,5.776099005458152
399,r_5,a_1,0.045454545454545456,1,3.4375,7.8895223004218975
401,r_5,a_1,0.16666666666666666,1,3.3125,7.6234773204490995
559,r_5,a_2,0.15656565656565657,4,3.9583333333333335,11.618545858116402
558,r_5,a_2,0.0,4,3.6666666666666665,10.134113396752776
554,r_5,a_1,0.05555555555555555,0,2.5,5.389848619080581
555,r_5,a_1,0.15000000000000002,1,3.75,10.005339034975389
404,r_5,a_2,0.0,0,3.0,0.0
557,r_5,a_1,0.0,3,3.8181818181818183,7.650384726438145
431,r_5,a_2,0.0,2,3.75,8.529788731263867
418,r_5,a_1,0.05,3,3.125,10.009876896609843
413,r_5,a_0,0.045454545454545456,0,3.0,4.219222279573637
414,r_5,a_0,0.2,3,3.4583333333333335,9.62045567108139
415,r_5,a_0,0.1,4,3.7,11.807293137560368
416,r_5,a_1,0.125,4,3.1875,6.254307085221178
432,r_5,a_2,0.0,1,3.375,7.711944466409071
430,r_5,a_1,0.0,1,3.5625,4.760858688619429
425,r_5,a_0,0.05,1,2.875,6.935644779669923
420,r_5,a_0,0.18055555555555555,2,3.625,4.963787513912635
421,r_5,a_0,0.1,3,3.5,5.279316218297823
428,r_5,a_1,0.0,1,3.125,4.5856903130514555
426,r_5,a_0,0.14545454545454545,0,2.25,3.5083487744352286
427,r_5,a_0,0.045454545454545456,0,3.3125,3.5522596552107073
563,r_5,a_2,0.0,3,3.4375,8.823454274239637
564,r_5,a_1,0.0,0,3.0625,2.65833554905886
565,r_5,a_0,0.1,3,2.7083333333333335,6.017718673082026
566,r_5,a_1,0.21428571428571427,1,2.4375,7.178393950234886
